{"cameraMode":{"drawMode":0,"name":"Shaded","section":"Shading Mode"},"sceneLighting":false,"audioPlay":false,"sceneViewState":{"showFog":true,"showMaterialUpdate":false,"showSkybox":false,"showFlares":true,"showImageEffects":true,"showParticleSystems":true},"in2DMode":false,"pivot":{"x":-10.527999877929688,"y":0.25000011920928957,"z":28.660999298095704},"rotation":{"x":0.18159234523773194,"y":0.7292863726615906,"z":-0.21200039982795716,"w":0.6246858835220337},"size":29.39166259765625,"orthographic":false}