{"cameraMode":{"drawMode":0,"name":"Shaded","section":"Shading Mode"},"sceneLighting":true,"audioPlay":false,"sceneViewState":{"showFog":true,"showMaterialUpdate":true,"showSkybox":true,"showFlares":true,"showImageEffects":true,"showParticleSystems":true},"in2DMode":false,"pivot":{"x":6.451496124267578,"y":-4.624273300170898,"z":19.60752296447754},"rotation":{"x":-0.22161996364593507,"y":-0.6660756468772888,"z":0.21773624420166017,"w":-0.6781676411628723},"size":51.45940399169922,"orthographic":false}