{"cameraMode":{"drawMode":0,"name":"Shaded","section":"Shading Mode"},"sceneLighting":false,"audioPlay":false,"sceneViewState":{"showFog":true,"showMaterialUpdate":true,"showSkybox":false,"showFlares":true,"showImageEffects":true,"showParticleSystems":true},"in2DMode":false,"pivot":{"x":-17.40999984741211,"y":0.4000000059604645,"z":24.860000610351564},"rotation":{"x":-0.20399174094200135,"y":-0.6362971663475037,"z":0.17982977628707887,"w":-0.7219789028167725},"size":2.2863056659698488,"orthographic":false}